,timestamp,open,high,low,close,volume,cuerpo,mecha_sup,mecha_inf,patron
2,1680242400000,28034.51,28103.16,28010.56,28079.96,1634.949,45.45000000000073,23.200000000000728,23.94999999999709,evening star
3,1680246000000,28079.95,28090.17,27511.71,27738.48,10004.62587,341.47000000000116,10.219999999997526,226.77000000000044,envolvente alcista
4,1680249600000,27738.48,27847.87,27688.0,27797.32,3301.36372,58.840000000000146,50.54999999999927,50.47999999999956,evening star
5,1680253200000,27797.31,27878.84,27770.0,27819.99,2456.37429,22.68000000000029,58.849999999998545,27.31000000000131,falling star
6,1680256800000,27820.0,27992.05,27798.48,27893.8,2535.91766,73.79999999999927,98.25,21.520000000000437,bullish doji star
7,1680260400000,27893.81,27980.0,27842.1,27927.97,2250.15003,34.159999999999854,52.029999999998836,51.710000000002765,evening star
8,1680264000000,27927.97,28185.63,27870.93,28110.36,5285.3813,182.38999999999942,75.27000000000044,57.04000000000087,bullish doji star
9,1680267600000,28110.37,28551.2,28082.71,28370.78,7427.91987,260.40999999999985,180.4200000000019,27.659999999999854,bullish doji star
10,1680271200000,28370.78,28656.69,28320.79,28521.78,6107.95098,151.0,134.90999999999985,49.98999999999796,bearish doji star
11,1680274800000,28521.78,28593.34,28360.0,28494.99,5501.16193,26.789999999997235,71.56000000000131,134.9900000000016,falling star
12,1680278400000,28495.0,28541.18,28365.99,28430.76,2441.53596,64.2400000000016,46.18000000000029,64.7699999999968,morning star
14,1680285600000,28334.52,28426.98,28262.87,28315.5,1723.51177,19.020000000000437,92.45999999999913,52.63000000000102,falling star
15,1680289200000,28315.49,28524.12,28279.24,28469.31,2766.3802,153.8199999999997,54.80999999999767,36.25,bullish doji star
16,1680292800000,28469.31,28474.06,28337.46,28391.8,1926.97706,77.51000000000204,4.75,54.340000000000146,evening star
17,1680296400000,28391.8,28590.0,28363.68,28477.19,1448.13203,85.38999999999942,112.81000000000131,28.11999999999898,morning star
19,1680303600000,28570.31,28595.75,28465.36,28465.36,1377.36769,104.95000000000073,25.43999999999869,0.0,shooting star
20,1680307200000,28465.36,28547.2,28408.57,28438.27,1524.81719,27.090000000000146,81.84000000000015,29.700000000000728,falling star
21,1680310800000,28438.26,28625.61,28410.35,28610.63,1458.59279,172.37000000000262,14.979999999999563,27.909999999999854,shooting star
22,1680314400000,28610.62,28819.71,28467.31,28583.36,3522.34366,27.2599999999984,209.09000000000015,116.04999999999927,evening star
23,1680318000000,28583.36,28603.78,28503.29,28541.1,1088.35997,42.26000000000204,20.419999999998254,37.80999999999767,morning star
24,1680321600000,28541.1,28625.1,28526.59,28580.0,1117.54084,38.900000000001455,45.099999999998545,14.5099999999984,evening star
25,1680325200000,28580.01,28589.13,28530.59,28571.08,808.34551,8.929999999996653,9.12000000000262,40.4900000000016,falling star
26,1680328800000,28571.08,28572.93,28353.78,28482.72,2327.5363,88.36000000000058,1.8499999999985448,128.94000000000233,rising sun
27,1680332400000,28482.71,28482.72,28351.35,28424.99,1419.78356,57.719999999997526,0.010000000002037268,73.64000000000306,evening star
28,1680336000000,28424.98,28485.11,28389.37,28440.56,1446.06986,15.580000000001746,44.54999999999927,35.61000000000058,martillo invertido
29,1680339600000,28440.56,28464.65,28420.54,28425.49,755.41321,15.069999999999709,24.090000000000146,4.950000000000728,bearish doji star
30,1680343200000,28425.49,28474.15,28389.77,28465.32,852.69033,39.82999999999811,8.830000000001746,35.720000000001164,envolvente alcista
31,1680346800000,28465.32,28475.97,28360.65,28372.85,1079.9353,92.47000000000116,10.650000000001455,12.19999999999709,shooting star
32,1680350400000,28372.84,28424.05,28320.35,28422.89,1331.51394,50.04999999999927,1.1599999999998545,52.4900000000016,evening star
33,1680354000000,28422.88,28473.9,28377.63,28417.8,934.62513,5.080000000001746,51.02000000000044,40.169999999998254,falling star
34,1680357600000,28417.81,28420.88,28292.32,28318.04,1316.04404,99.77000000000044,3.069999999999709,25.720000000001164,shooting star
35,1680361200000,28318.04,28405.31,28220.27,28400.07,1605.44704,82.02999999999884,5.240000000001601,97.77000000000044,evening star
36,1680364800000,28400.07,28443.04,28280.0,28326.0,1529.35437,74.06999999999971,42.970000000001164,46.0,martillo invertido
37,1680368400000,28326.0,28383.32,28317.39,28372.37,683.02376,46.36999999999898,10.950000000000728,8.610000000000582,martillo invertido
38,1680372000000,28372.36,28382.9,28333.19,28376.74,625.47068,4.380000000001019,6.1599999999998545,39.17000000000189,falling star
39,1680375600000,28376.74,28384.23,28343.81,28381.98,559.40445,5.239999999997963,2.25,32.93000000000029,morning star
40,1680379200000,28381.97,28577.0,28379.63,28446.78,1750.39916,64.80999999999767,130.22000000000116,2.3400000000001455,bullish harami cross
41,1680382800000,28446.79,28517.44,28429.93,28477.72,674.71297,30.93000000000029,39.719999999997526,16.860000000000582,evening star
42,1680386400000,28477.73,28538.08,28477.72,28517.94,899.92118,40.20999999999913,20.140000000003056,0.00999999999839929,morning star
43,1680390000000,28517.95,28555.0,28445.0,28452.73,927.10229,65.22000000000116,37.04999999999927,7.729999999999563,bullish doji star
44,1680393600000,28452.74,28499.99,28355.0,28366.3,914.79254,86.44000000000233,47.25,11.299999999999272,bullish doji star
45,1680397200000,28366.3,28434.68,28355.54,28388.34,741.92426,22.040000000000873,46.340000000000146,10.7599999999984,falling star
46,1680400800000,28388.35,28430.29,28375.0,28406.13,724.1985,17.780000000002474,24.159999999999854,13.349999999998545,falling star
47,1680404400000,28406.13,28530.0,28401.41,28476.59,1290.18762,70.45999999999913,53.409999999999854,4.720000000001164,bullish doji star
48,1680408000000,28476.58,28485.18,28383.37,28386.09,575.69061,90.4900000000016,8.599999999998545,2.720000000001164,shooting star
49,1680411600000,28386.1,28473.16,28381.54,28470.01,686.0797,83.90999999999985,3.150000000001455,4.559999999997672,evening star
50,1680415200000,28470.01,28490.4,28414.36,28458.26,650.48938,11.75,20.390000000003056,43.89999999999782,falling star
51,1680418800000,28458.26,28477.78,28413.3,28416.38,862.0777,41.87999999999738,19.520000000000437,3.0800000000017462,morning star
52,1680422400000,28416.37,28422.21,28364.57,28381.37,854.98502,35.0,5.8400000000001455,16.799999999999272,evening star
53,1680426000000,28381.36,28450.9,28368.53,28410.57,732.39958,29.209999999999127,40.330000000001746,12.830000000001746,martillo invertido
54,1680429600000,28410.57,28413.71,28361.0,28367.25,699.25159,43.31999999999971,3.139999999999418,6.25,shooting star
55,1680433200000,28367.25,28390.95,28306.8,28357.93,1195.47409,9.319999999999709,23.700000000000728,51.13000000000102,falling star
56,1680436800000,28357.93,28361.0,28240.17,28265.26,1942.44149,92.67000000000189,3.069999999999709,25.090000000000146,shooting star
57,1680440400000,28265.25,28346.05,28135.8,28279.53,3419.1654,14.279999999998836,66.52000000000044,129.45000000000073,evening star
58,1680444000000,28279.52,28350.0,28239.45,28273.1,1030.24647,6.420000000001892,70.47999999999956,33.64999999999782,falling star
59,1680447600000,28273.1,28275.73,28037.59,28124.81,4018.94657,148.28999999999724,2.6300000000010186,87.22000000000116,rising sun
60,1680451200000,28124.8,28143.54,27927.0,28121.97,3493.42924,2.8299999999981083,18.7400000000016,194.97000000000116,falling star
61,1680454800000,28121.97,28229.9,28109.16,28194.39,2326.93426,72.41999999999825,35.51000000000204,12.81000000000131,morning star
62,1680458400000,28194.4,28213.39,28152.8,28156.98,903.05844,37.42000000000189,18.989999999997963,4.180000000000291,evening star
63,1680462000000,28156.97,28172.76,27856.43,27943.85,2825.34269,213.12000000000262,15.789999999997235,87.41999999999825,shooting star
64,1680465600000,27943.84,28088.38,27902.71,28058.75,1620.05537,114.90999999999985,29.63000000000102,41.13000000000102,evening star
65,1680469200000,28058.75,28156.34,27981.0,28014.8,1602.19957,43.95000000000073,97.59000000000015,33.79999999999927,martillo invertido
66,1680472800000,28014.8,28115.76,27858.29,28105.81,2783.98883,91.01000000000204,9.94999999999709,156.5099999999984,morning star
67,1680476400000,28105.8,28203.35,28044.23,28171.87,1472.298,66.06999999999971,31.479999999999563,61.56999999999971,evening star
68,1680480000000,28171.87,28182.17,28064.52,28114.62,1119.79625,57.25,10.299999999999272,50.099999999998545,doji gravestone
69,1680483600000,28114.63,28144.12,27560.0,27709.94,5583.1757,404.6900000000023,29.489999999997963,149.9399999999987,shooting star
70,1680487200000,27709.85,27815.42,27658.36,27719.09,2274.50977,9.2400000000016,96.32999999999811,51.48999999999796,falling star
71,1680490800000,27719.09,27777.72,27623.45,27753.85,2172.76197,34.7599999999984,23.87000000000262,95.63999999999942,morning star
72,1680494400000,27753.85,27756.72,27588.0,27704.39,2088.73963,49.45999999999913,2.8700000000026193,116.38999999999942,palo colgado
73,1680498000000,27704.4,27764.86,27660.0,27679.57,1395.94955,24.830000000001746,60.45999999999913,19.56999999999971,envolvente bajista
74,1680501600000,27679.58,27793.25,27644.5,27779.48,1508.78137,99.89999999999782,13.770000000000437,35.080000000001746,shooting star
75,1680505200000,27779.47,27962.9,27771.09,27958.74,2746.99051,179.27000000000044,4.1599999999998545,8.380000000001019,shooting star
76,1680508800000,27958.73,28450.0,27958.73,28335.0,7974.91049,376.27000000000044,115.0,0.0,shooting star
77,1680512400000,28335.0,28398.0,28300.0,28327.33,3033.90175,7.669999999998254,63.0,27.330000000001746,falling star
78,1680516000000,28327.33,28500.99,28301.13,28303.77,3240.48906,23.56000000000131,173.65999999999985,2.639999999999418,piercing line
79,1680519600000,28303.76,28319.58,28215.59,28253.73,2502.72561,50.029999999998836,15.820000000003347,38.13999999999942,envolvente alcista
81,1680526800000,28163.0,28375.0,28116.02,28258.78,3197.56849,95.77999999999884,116.22000000000116,46.97999999999956,hammer
82,1680530400000,28258.79,28303.25,27945.19,27995.04,3869.56959,263.75,44.45999999999913,49.85000000000218,shooting star
83,1680534000000,27995.04,28112.99,27951.57,28051.48,2385.82697,56.43999999999869,61.51000000000204,43.470000000001164,envolvente bajista
84,1680537600000,28051.48,28129.99,27918.45,27930.84,2233.69013,120.63999999999942,78.51000000000204,12.389999999999418,morning star
85,1680541200000,27930.83,28084.62,27875.0,27986.48,2519.1824,55.64999999999782,98.13999999999942,55.830000000001746,falling star
86,1680544800000,27986.48,28237.0,27938.46,28152.0,3959.2842,165.52000000000044,85.0,48.02000000000044,bullish doji star
87,1680548400000,28152.0,28238.53,28037.2,28081.08,2103.20781,70.91999999999825,86.52999999999884,43.88000000000102,evening star
88,1680552000000,28081.08,28093.56,27460.0,27582.78,7451.99752,498.3000000000029,12.479999999999563,122.77999999999884,shooting star
89,1680555600000,27582.77,27765.0,27200.24,27714.56,5698.62144,131.79000000000087,50.43999999999869,382.52999999999884,dark cloud cover
90,1680559200000,27714.57,27943.62,27668.0,27799.99,3773.48503,85.42000000000189,143.62999999999738,46.56999999999971,martillo invertido
91,1680562800000,27800.0,28000.0,27739.75,27800.0,2953.84681,0.0,200.0,60.25,falling star
92,1680566400000,27800.0,27868.31,27662.79,27760.58,2374.60259,39.419999999998254,68.31000000000131,97.79000000000087,morning star
94,1680573600000,27816.16,27950.62,27780.79,27857.35,1816.40619,41.18999999999869,93.27000000000044,35.36999999999898,evening star
95,1680577200000,27857.35,27965.0,27850.0,27855.06,1141.93735,2.289999999997235,107.65000000000146,5.06000000000131,martillo invertido
96,1680580800000,27855.06,27885.28,27775.37,27813.86,1129.08139,41.20000000000073,30.219999999997526,38.4900000000016,envolvente alcista
97,1680584400000,27813.86,27939.18,27813.86,27890.01,1222.39124,76.14999999999782,49.17000000000189,0.0,bullish doji star
98,1680588000000,27890.01,28145.0,27860.17,28078.14,2868.08177,188.13000000000102,66.86000000000058,29.840000000000146,bullish doji star
99,1680591600000,28078.13,28143.03,27962.47,28021.3,2181.84318,56.830000000001746,64.89999999999782,58.82999999999811,envolvente bajista
100,1680595200000,28021.31,28137.98,27931.2,28103.48,1579.58553,82.16999999999825,34.5,90.11000000000058,morning star
102,1680602400000,28198.77,28350.0,28172.48,28219.63,3351.35395,20.860000000000582,130.36999999999898,26.290000000000873,falling star
103,1680606000000,28219.64,28444.44,28164.33,28289.52,4230.2741,69.88000000000102,154.91999999999825,55.30999999999767,morning star
104,1680609600000,28289.51,28381.19,28205.67,28267.68,2380.16147,21.82999999999811,91.68000000000029,62.01000000000204,evening star
105,1680613200000,28267.69,28399.0,28061.0,28111.04,3200.60381,156.64999999999782,131.3100000000013,50.04000000000087,bullish doji star
106,1680616800000,28111.03,28257.0,28079.69,28123.0,3017.42315,11.970000000001164,134.0,31.340000000000146,falling star
107,1680620400000,28123.0,28144.58,27947.59,28030.04,3229.65698,92.95999999999913,21.580000000001746,82.45000000000073,morning star
108,1680624000000,28030.05,28131.35,27971.07,28098.99,2013.0268,68.94000000000233,32.359999999996944,58.97999999999956,evening star
109,1680627600000,28098.98,28235.04,28079.99,28226.99,1793.32925,128.01000000000204,8.049999999999272,18.989999999997963,shooting star
110,1680631200000,28226.98,28260.0,28083.33,28114.42,1706.91021,112.56000000000131,33.02000000000044,31.089999999996508,evening star
111,1680634800000,28114.42,28199.0,28070.7,28189.25,1456.0314,74.83000000000175,9.75,43.719999999997526,doji gravestone
112,1680638400000,28189.25,28305.0,28174.44,28250.04,1710.36003,60.79000000000087,54.95999999999913,14.81000000000131,falling star
113,1680642000000,28250.04,28254.11,28160.51,28223.62,1031.7684,26.42000000000189,4.069999999999709,63.11000000000058,bearish harami cross
114,1680645600000,28223.62,28258.93,28182.22,28187.26,853.60121,36.36000000000058,35.31000000000131,5.039999999997235,morning star
115,1680649200000,28187.25,28211.86,28078.63,28165.47,1221.93072,21.779999999998836,24.610000000000582,86.84000000000015,falling star
116,1680652800000,28165.47,28733.0,28099.68,28661.81,6158.2642,496.34000000000015,71.18999999999869,65.79000000000087,shooting star
117,1680656400000,28661.81,28740.0,28543.34,28571.41,3489.9893,90.40000000000146,78.18999999999869,28.06999999999971,evening star
118,1680660000000,28571.42,28775.0,28522.99,28565.57,3140.84957,5.849999999998545,203.58000000000175,42.57999999999811,falling star
119,1680663600000,28565.58,28575.79,28428.69,28544.72,2055.90962,20.860000000000582,10.209999999999127,116.03000000000247,morning star
121,1680670800000,28506.61,28624.35,28480.67,28582.84,1552.90469,76.22999999999956,41.5099999999984,25.94000000000233,envolvente alcista
122,1680674400000,28582.84,28603.59,28491.29,28534.42,1382.40119,48.42000000000189,20.75,43.12999999999738,evening star
123,1680678000000,28534.43,28540.0,28455.0,28525.21,1388.81047,9.220000000001164,5.569999999999709,70.20999999999913,falling star
124,1680681600000,28525.2,28600.0,28450.5,28543.8,2056.3712,18.599999999998545,56.20000000000073,74.70000000000073,morning star
125,1680685200000,28543.8,28595.94,28502.16,28508.76,1302.34522,35.04000000000087,52.13999999999942,6.599999999998545,bullish doji star
126,1680688800000,28508.75,28529.72,28476.24,28510.0,1034.90976,1.25,19.720000000001164,32.5099999999984,falling star
127,1680692400000,28510.0,28567.85,28480.72,28554.38,1226.02322,44.38000000000102,13.469999999997526,29.279999999998836,rising sun
128,1680696000000,28554.37,28750.0,28312.5,28568.95,5245.8456,14.580000000001746,181.04999999999927,241.86999999999898,evening star
129,1680699600000,28568.57,28600.5,28300.0,28404.58,3483.73755,163.98999999999796,31.93000000000029,104.58000000000175,rising sun
130,1680703200000,28404.57,28476.81,28087.0,28105.2,5348.52251,299.369999999999,72.2400000000016,18.200000000000728,shooting star
131,1680706800000,28105.19,28127.0,27860.0,28031.09,5555.27634,74.09999999999854,21.81000000000131,171.09000000000015,dark cloud cover
132,1680710400000,28031.09,28053.88,27805.1,27947.99,4212.71101,83.09999999999854,22.790000000000873,142.89000000000306,morning star
133,1680714000000,27947.99,28120.0,27919.23,28023.74,2324.69851,75.75,96.2599999999984,28.760000000002037,evening star
134,1680717600000,28023.75,28060.0,27935.71,28030.2,1439.18723,6.450000000000728,29.799999999999272,88.04000000000087,falling star
135,1680721200000,28030.19,28308.04,27967.8,28240.64,3035.1495,210.45000000000073,67.40000000000146,62.38999999999942,shooting star
136,1680724800000,28240.64,28300.0,28132.82,28150.61,1399.0461,90.02999999999884,59.36000000000058,17.790000000000873,evening star
137,1680728400000,28150.61,28217.37,28134.39,28181.06,829.93633,30.450000000000728,36.30999999999767,16.220000000001164,martillo invertido
138,1680732000000,28181.06,28236.15,28132.16,28175.28,1061.56316,5.780000000002474,55.090000000000146,43.11999999999898,falling star
139,1680735600000,28175.28,28212.5,28137.67,28170.01,777.38217,5.270000000000437,37.220000000001164,32.340000000000146,falling star
140,1680739200000,28170.01,28182.05,27918.35,27999.15,2192.36011,170.85999999999694,12.040000000000873,80.80000000000291,shooting star
141,1680742800000,27999.14,28090.0,27878.6,28064.46,1952.14589,65.31999999999971,25.540000000000873,120.54000000000087,evening star
142,1680746400000,28064.45,28095.71,27978.21,28039.73,1197.09788,24.720000000001164,31.2599999999984,61.52000000000044,martillo invertido
143,1680750000000,28039.74,28153.69,28022.48,28128.42,1099.64959,88.67999999999665,25.270000000000437,17.260000000002037,shooting star
144,1680753600000,28128.42,28130.0,28067.28,28068.91,824.12943,59.5099999999984,1.5800000000017462,1.6300000000010186,evening star
145,1680757200000,28068.91,28081.06,27969.61,28036.75,1239.65431,32.159999999999854,12.150000000001455,67.13999999999942,bearish harami cross
146,1680760800000,28036.75,28073.92,28006.46,28063.91,1050.48553,27.159999999999854,10.0099999999984,30.290000000000873,inverted hammer
147,1680764400000,28063.91,28088.88,27907.77,27910.97,1784.32895,152.9399999999987,24.970000000001164,3.2000000000007276,shooting star
148,1680768000000,27910.97,27988.58,27850.0,27953.62,2357.22246,42.64999999999782,34.960000000002765,60.970000000001164,evening star
149,1680771600000,27953.61,28028.6,27900.0,27904.04,1235.09624,49.56999999999971,74.98999999999796,4.040000000000873,morning star
150,1680775200000,27904.04,27907.59,27711.0,27850.0,3496.92514,54.04000000000087,3.5499999999992724,139.0,palo colgado
151,1680778800000,27849.99,27954.42,27846.12,27945.52,1408.47664,95.52999999999884,8.899999999997817,3.8700000000026193,shooting star
152,1680782400000,27945.51,28085.0,27856.54,27903.73,2560.85993,41.779999999998836,139.4900000000016,47.18999999999869,falling star
153,1680786000000,27903.73,27979.01,27750.0,27891.16,2887.76836,12.569999999999709,75.27999999999884,141.15999999999985,falling star
154,1680789600000,27891.16,27978.54,27888.26,27952.78,2218.27463,61.61999999999898,25.760000000002037,2.900000000001455,bullish doji star
155,1680793200000,27952.78,28181.05,27943.76,28090.39,3265.68045,137.61000000000058,90.65999999999985,9.020000000000437,bullish doji star
156,1680796800000,28090.39,28165.88,28046.88,28065.14,1767.70198,25.25,75.4900000000016,18.2599999999984,envolvente bajista
157,1680800400000,28065.15,28084.18,28014.99,28041.4,1229.4884,23.75,19.029999999998836,26.409999999999854,martillo invertido
158,1680804000000,28041.41,28094.41,27954.06,27963.35,1205.25894,78.06000000000131,53.0,9.289999999997235,bullish doji star
159,1680807600000,27963.34,28056.67,27950.9,28017.77,1091.38706,54.43000000000029,38.89999999999782,12.43999999999869,evening star
160,1680811200000,28017.77,28121.87,27966.0,27975.85,1404.21402,41.92000000000189,104.09999999999854,9.849999999998545,bearish doji star
161,1680814800000,27975.85,28052.8,27957.04,27989.16,875.15697,13.31000000000131,63.63999999999942,18.80999999999767,falling star
162,1680818400000,27989.15,28008.43,27900.0,28007.86,1034.71576,18.709999999999127,0.569999999999709,89.15000000000146,morning star
163,1680822000000,28007.87,28055.62,28007.86,28033.82,740.87096,25.950000000000728,21.799999999999272,0.00999999999839929,bullish doji star
164,1680825600000,28033.83,28100.0,27998.04,28097.99,896.12527,64.15999999999985,2.0099999999983993,35.79000000000087,rising sun
165,1680829200000,28097.99,28098.2,28036.63,28056.51,661.1492,41.4800000000032,0.20999999999912689,19.87999999999738,evening star
166,1680832800000,28056.51,28072.94,27926.52,28017.22,1048.03352,39.289999999997235,16.43000000000029,90.70000000000073,bearish harami cross
167,1680836400000,28017.22,28049.84,27979.75,28038.66,539.33097,21.43999999999869,11.180000000000291,37.470000000001164,falling star
168,1680840000000,28038.67,28062.73,27999.9,28021.77,609.92995,16.899999999997817,24.06000000000131,21.86999999999898,falling star
169,1680843600000,28021.77,28021.77,27863.23,27980.0,1374.71176,41.77000000000044,0.0,116.77000000000044,rising sun
170,1680847200000,27980.0,27984.75,27900.0,27960.09,1049.9832,19.909999999999854,4.75,60.090000000000146,dark cloud cover
171,1680850800000,27960.09,27960.1,27766.94,27839.78,1932.80263,120.31000000000131,0.00999999999839929,72.84000000000015,rising sun
172,1680854400000,27839.79,27937.82,27785.0,27816.76,1752.58709,23.030000000002474,98.02999999999884,31.7599999999984,evening star
173,1680858000000,27816.76,27894.99,27790.1,27869.48,1184.11747,52.720000000001164,25.510000000002037,26.659999999999854,morning star
174,1680861600000,27869.48,27961.67,27861.38,27933.36,1335.68514,63.88000000000102,28.30999999999767,8.099999999998545,bullish doji star
175,1680865200000,27933.36,27935.98,27800.0,27840.9,1291.1329,92.45999999999913,2.6199999999989814,40.900000000001455,shooting star
176,1680868800000,27840.89,27981.0,27800.0,27892.63,2539.99967,51.7400000000016,88.36999999999898,40.88999999999942,envolvente bajista
177,1680872400000,27892.63,27929.37,27833.97,27896.93,1110.08632,4.299999999999272,32.43999999999869,58.659999999999854,falling star
178,1680876000000,27896.92,27984.75,27893.26,27914.64,1110.45972,17.720000000001164,70.11000000000058,3.6599999999998545,piercing line
179,1680879600000,27914.64,27954.51,27907.69,27944.1,1001.22404,29.459999999999127,10.409999999999854,6.950000000000728,bullish doji star
180,1680883200000,27944.09,27953.47,27856.0,27879.3,889.71983,64.79000000000087,9.380000000001019,23.299999999999272,shooting star
181,1680886800000,27879.3,27941.11,27879.3,27911.51,572.35649,32.20999999999913,29.600000000002183,0.0,evening star
182,1680890400000,27911.5,27930.0,27874.13,27891.77,556.90925,19.729999999999563,18.5,17.639999999999418,martillo invertido
183,1680894000000,27891.76,27905.15,27869.26,27897.52,531.37925,5.760000000002037,7.630000000001019,22.5,falling star
184,1680897600000,27897.51,27922.99,27839.02,27864.2,695.57851,33.30999999999767,25.4800000000032,25.18000000000029,envolvente alcista
185,1680901200000,27864.21,27909.27,27858.3,27891.13,445.55868,26.92000000000189,18.139999999999418,5.9099999999998545,evening star
186,1680904800000,27891.13,27980.74,27864.99,27955.99,953.10882,64.86000000000058,24.75,26.139999999999418,shooting star
187,1680908400000,27955.99,27973.04,27894.32,27906.33,680.12419,49.659999999999854,17.049999999999272,12.010000000002037,evening star
188,1680912000000,27906.34,27919.61,27859.02,27880.27,899.14307,26.06999999999971,13.270000000000437,21.25,falling star
189,1680915600000,27880.26,27935.15,27880.02,27903.24,623.5553,22.9800000000032,31.909999999999854,0.23999999999796273,falling star
190,1680919200000,27903.24,27965.76,27902.95,27956.76,607.40345,53.5199999999968,9.0,0.2900000000008731,shooting star
191,1680922800000,27956.77,28059.39,27939.46,28023.39,1484.63403,66.61999999999898,36.0,17.31000000000131,bullish doji star
192,1680926400000,28023.39,28040.72,27974.14,27984.98,628.87894,38.409999999999854,17.330000000001746,10.840000000000146,bearish doji star
193,1680930000000,27984.97,28154.99,27979.03,28140.92,1337.70492,155.9499999999971,14.070000000003347,5.940000000002328,shooting star
194,1680933600000,28140.91,28152.57,28086.28,28113.12,1236.00625,27.790000000000873,11.659999999999854,26.840000000000146,envolvente bajista
195,1680937200000,28113.13,28122.38,28063.89,28086.22,831.51057,26.909999999999854,9.25,22.330000000001746,martillo invertido
196,1680940800000,28086.22,28114.94,28018.61,28025.53,861.28992,60.69000000000233,28.719999999997526,6.919999999998254,bullish doji star
197,1680944400000,28025.53,28062.28,28013.15,28032.49,632.37262,6.960000000002765,29.789999999997235,12.37999999999738,falling star
198,1680948000000,28032.49,28034.68,27994.7,28011.62,689.13475,20.87000000000262,2.1899999999986903,16.919999999998254,morning star
199,1680951600000,28011.61,28032.64,27990.57,28016.09,481.36415,4.479999999999563,16.549999999999272,21.040000000000873,falling star
200,1680955200000,28016.09,28032.08,27950.0,27987.57,808.50955,28.520000000000437,15.9900000000016,37.56999999999971,envolvente alcista
201,1680958800000,27987.58,28046.26,27970.08,28020.66,733.91811,33.07999999999811,25.599999999998545,17.5,rising sun
202,1680962400000,28020.66,28057.0,28010.4,28027.67,857.74147,7.009999999998399,29.330000000001746,10.2599999999984,envolvente bajista
203,1680966000000,28027.66,28028.7,27985.38,28014.7,602.58152,12.959999999999127,1.0400000000008731,29.31999999999971,morning star
204,1680969600000,28014.71,28020.0,27995.93,28002.53,528.57451,12.180000000000291,5.290000000000873,6.599999999998545,evening star
205,1680973200000,28002.52,28017.04,27897.26,27935.11,949.56192,67.40999999999985,14.520000000000437,37.85000000000218,rising sun
206,1680976800000,27935.11,27955.0,27872.11,27904.38,1245.56139,30.729999999999563,19.889999999999418,32.27000000000044,evening star
207,1680980400000,27904.37,27952.17,27875.96,27924.13,896.01823,19.760000000002037,28.039999999997235,28.409999999999854,martillo invertido
208,1680984000000,27924.13,27955.0,27911.41,27911.69,652.30113,12.440000000002328,30.86999999999898,0.27999999999883585,bearish doji star
209,1680987600000,27911.7,27935.09,27900.44,27929.8,501.60399,18.099999999998545,5.290000000000873,11.260000000002037,morning star
210,1680991200000,27929.8,27951.0,27885.86,27937.77,664.83265,7.970000000001164,13.229999999999563,43.93999999999869,falling star
211,1680994800000,27937.77,27987.41,27927.71,27938.38,725.76491,0.6100000000005821,49.029999999998836,10.06000000000131,falling star
212,1680998400000,27938.38,28075.0,27924.9,28036.76,1092.06788,98.37999999999738,38.2400000000016,13.479999999999563,bullish doji star
213,1681002000000,28036.76,28082.1,28030.0,28077.78,895.69992,41.02000000000044,4.319999999999709,6.759999999998399,evening star
214,1681005600000,28077.78,28083.45,28031.08,28036.3,1108.90867,41.47999999999956,5.670000000001892,5.219999999997526,morning star
215,1681009200000,28036.31,28054.01,28018.63,28027.71,585.88204,8.600000000002183,17.69999999999709,9.079999999998108,envolvente bajista
216,1681012800000,28027.71,28041.06,28010.0,28037.39,549.6984,9.680000000000291,3.6700000000018917,17.709999999999127,morning star
217,1681016400000,28037.38,28067.46,27991.43,27999.25,557.42993,38.13000000000102,30.07999999999811,7.819999999999709,bullish doji star
218,1681020000000,27999.25,27999.25,27851.0,27880.13,2172.18821,119.11999999999898,0.0,29.13000000000102,shooting star
219,1681023600000,27880.12,27915.34,27840.51,27903.02,1728.95227,22.900000000001455,12.319999999999709,39.61000000000058,envolvente bajista
220,1681027200000,27903.01,27922.31,27800.0,27881.64,1306.68226,21.36999999999898,19.30000000000291,81.63999999999942,martillo invertido
221,1681030800000,27881.65,27938.86,27881.64,27898.58,902.78575,16.93000000000029,40.279999999998836,0.010000000002037268,falling star
222,1681034400000,27898.59,27914.29,27861.55,27893.22,608.52881,5.369999999998981,15.700000000000728,31.67000000000189,falling star
223,1681038000000,27893.23,27949.99,27866.87,27930.2,652.0314,36.970000000001164,19.790000000000873,26.360000000000582,rising sun
224,1681041600000,27930.2,27973.39,27919.4,27930.07,932.20744,0.13000000000101863,43.18999999999869,10.669999999998254,falling star
225,1681045200000,27930.07,27930.08,27873.46,27905.62,690.24317,24.450000000000728,0.010000000002037268,32.159999999999854,morning star
226,1681048800000,27905.62,27925.01,27800.0,27866.49,1289.98609,39.12999999999738,19.389999999999418,66.4900000000016,rising sun
227,1681052400000,27866.48,27918.26,27835.26,27891.91,905.83342,25.43000000000029,26.349999999998545,31.220000000001164,evening star
228,1681056000000,27891.91,27942.55,27890.75,27896.98,687.56525,5.069999999999709,45.56999999999971,1.1599999999998545,bearish doji star
229,1681059600000,27896.97,27930.1,27876.68,27906.68,580.57027,9.709999999999127,23.419999999998254,20.290000000000873,morning star
230,1681063200000,27906.67,28050.0,27906.67,28026.72,1153.12228,120.05000000000291,23.279999999998836,0.0,shooting star
231,1681066800000,28027.18,28250.0,27998.88,28140.4,4106.13251,113.22000000000116,109.59999999999854,28.299999999999272,evening star
232,1681070400000,28140.41,28160.67,28094.5,28114.63,923.12457,25.779999999998836,20.2599999999984,20.13000000000102,martillo invertido
233,1681074000000,28114.63,28476.34,28114.63,28437.19,3419.67777,322.5599999999977,39.150000000001455,0.0,shooting star
234,1681077600000,28437.2,28530.0,28360.0,28371.39,3664.39057,65.81000000000131,92.79999999999927,11.389999999999418,evening star
235,1681081200000,28371.38,28429.55,28292.54,28323.76,2017.45213,47.62000000000262,58.169999999998254,31.219999999997526,martillo invertido
236,1681084800000,28323.76,28425.43,28285.61,28381.25,1741.16374,57.4900000000016,44.18000000000029,38.14999999999782,morning star
238,1681092000000,28304.04,28350.0,28271.14,28296.0,1022.87091,8.040000000000873,45.95999999999913,24.860000000000582,falling star
239,1681095600000,28296.01,28319.55,28266.01,28278.45,995.16666,17.55999999999767,23.540000000000873,12.440000000002328,morning star
240,1681099200000,28278.45,28317.61,28212.28,28234.51,1045.96619,43.94000000000233,39.159999999999854,22.229999999999563,envolvente alcista
242,1681106400000,28282.17,28305.0,28253.7,28277.94,770.70543,4.229999999999563,22.830000000001746,24.239999999997963,falling star
243,1681110000000,28277.94,28325.43,28233.8,28284.57,1122.58675,6.630000000001019,40.86000000000058,44.13999999999942,morning star
244,1681113600000,28284.57,28375.02,28284.57,28295.16,1876.19113,10.590000000000146,79.86000000000058,0.0,bullish harami cross
246,1681120800000,28310.28,28361.51,28293.67,28331.88,940.7714,21.600000000002183,29.62999999999738,16.610000000000582,rising sun
247,1681124400000,28331.88,28369.99,28275.01,28305.6,1236.97437,26.280000000002474,38.11000000000058,30.590000000000146,rising sun
248,1681128000000,28305.59,28317.81,28255.0,28277.86,1305.44812,27.729999999999563,12.220000000001164,22.860000000000582,rising sun
249,1681131600000,28277.85,28297.36,28170.0,28217.46,2363.98693,60.38999999999942,19.510000000002037,47.45999999999913,rising sun
250,1681135200000,28217.45,28341.97,28199.3,28305.43,1770.37797,87.97999999999956,36.54000000000087,18.150000000001455,bullish doji star
251,1681138800000,28305.42,28575.04,28305.42,28439.38,4697.58865,133.96000000000276,135.65999999999985,0.0,bullish doji star
252,1681142400000,28439.39,29150.0,28356.51,29036.85,9500.20652,597.4599999999991,113.15000000000146,82.88000000000102,shooting star
253,1681146000000,29036.85,29380.0,29000.0,29160.0,10365.41354,123.15000000000146,220.0,36.849999999998545,bearish doji star
254,1681149600000,29160.0,29289.99,29115.0,29273.14,4144.03443,113.13999999999942,16.850000000002183,45.0,doji gravestone
255,1681153200000,29273.14,29295.46,29057.04,29173.06,3025.63307,100.07999999999811,22.31999999999971,116.02000000000044,doji gravestone
256,1681156800000,29173.05,29215.02,29069.1,29115.11,2231.90467,57.93999999999869,41.970000000001164,46.01000000000204,falling star
257,1681160400000,29115.11,29278.78,29090.34,29222.34,2070.52543,107.22999999999956,56.43999999999869,24.770000000000437,bullish doji star
258,1681164000000,29222.34,29747.01,29222.34,29594.0,6737.86785,371.65999999999985,153.0099999999984,0.0,bullish doji star
259,1681167600000,29594.0,29770.0,29590.0,29637.34,3939.24487,43.340000000000146,132.65999999999985,4.0,falling star
260,1681171200000,29637.35,29990.0,29590.0,29928.86,5294.26591,291.51000000000204,61.13999999999942,47.349999999998545,morning star
261,1681174800000,29928.85,30308.23,29754.49,30189.9,6186.64059,261.0500000000029,118.32999999999811,174.35999999999694,evening star
262,1681178400000,30189.9,30430.0,29987.6,30083.01,5975.49705,106.89000000000306,240.09999999999854,95.40999999999985,martillo invertido
263,1681182000000,30083.01,30124.12,29936.91,30115.95,3371.78914,32.94000000000233,8.169999999998254,146.09999999999854,bearish harami cross
264,1681185600000,30115.95,30169.14,30017.37,30109.01,2589.01549,6.940000000002328,53.18999999999869,91.63999999999942,falling star
265,1681189200000,30109.01,30147.0,29800.0,29883.84,3129.55934,225.16999999999825,37.9900000000016,83.84000000000015,shooting star
266,1681192800000,29883.84,30087.77,29878.92,30035.78,2240.51763,151.9399999999987,51.9900000000016,4.920000000001892,evening star
267,1681196400000,30035.78,30160.53,30035.59,30106.89,2326.41426,71.11000000000058,53.63999999999942,0.18999999999869033,bearish doji star
268,1681200000000,30106.9,30147.38,30045.0,30093.9,1768.51789,13.0,40.47999999999956,48.900000000001455,martillo invertido
269,1681203600000,30093.91,30094.01,29974.0,30052.38,2431.64909,41.529999999998836,0.09999999999854481,78.38000000000102,morning star
271,1681210800000,30122.49,30123.91,30050.69,30055.15,1523.07053,67.34000000000015,1.4199999999982538,4.460000000002765,evening star
272,1681214400000,30055.14,30200.58,30010.41,30098.92,2656.40136,43.779999999998836,101.66000000000349,44.72999999999956,martillo invertido
273,1681218000000,30098.92,30250.0,30073.01,30246.31,2539.94803,147.39000000000306,3.6899999999986903,25.909999999999854,shooting star
274,1681221600000,30246.3,30280.0,29975.0,30060.39,3782.23203,185.90999999999985,33.70000000000073,85.38999999999942,shooting star
275,1681225200000,30060.39,30246.26,30044.65,30194.22,2335.58014,133.83000000000175,52.039999999997235,15.739999999997963,bearish doji star
276,1681228800000,30194.23,30263.71,30100.0,30127.98,2242.1777,66.25,69.47999999999956,27.979999999999563,martillo invertido
277,1681232400000,30127.98,30220.0,30040.0,30207.57,2000.0455,79.59000000000015,12.430000000000291,87.97999999999956,morning star
278,1681236000000,30207.57,30240.0,30151.68,30230.24,1449.53334,22.67000000000189,9.7599999999984,55.88999999999942,dark cloud cover
279,1681239600000,30230.23,30550.0,30105.01,30130.02,5278.40357,100.20999999999913,319.77000000000044,25.010000000002037,piercing line
280,1681243200000,30130.02,30173.76,29940.0,30164.23,3409.71736,34.20999999999913,9.529999999998836,190.02000000000044,dark cloud cover
281,1681246800000,30164.24,30239.59,30130.23,30189.52,1346.11191,25.279999999998836,50.06999999999971,34.01000000000204,martillo invertido
282,1681250400000,30189.51,30272.28,30147.64,30263.75,1230.14185,74.2400000000016,8.529999999998836,41.86999999999898,envolvente alcista
283,1681254000000,30263.74,30274.19,30160.0,30200.42,1266.59655,63.32000000000335,10.44999999999709,40.419999999998254,evening star
284,1681257600000,30200.43,30350.07,30193.67,30224.78,1803.85075,24.349999999998545,125.29000000000087,6.760000000002037,falling star
285,1681261200000,30224.77,30292.44,30122.72,30170.8,1688.66019,53.970000000001164,67.66999999999825,48.07999999999811,morning star
286,1681264800000,30170.8,30170.8,29811.82,29916.16,5625.33965,254.63999999999942,0.0,104.34000000000015,shooting star
287,1681268400000,29916.16,29989.19,29858.19,29922.04,2277.12119,5.880000000001019,67.14999999999782,57.970000000001164,falling star
288,1681272000000,29922.04,29995.35,29887.03,29978.58,1539.74214,56.54000000000087,16.7699999999968,35.01000000000204,morning star
289,1681275600000,29978.59,29999.23,29891.46,29920.0,1493.93185,58.590000000000146,20.639999999999418,28.540000000000873,shooting star
290,1681279200000,29919.99,29956.81,29850.0,29932.89,1412.52475,12.899999999997817,23.92000000000189,69.9900000000016,envolvente bajista
291,1681282800000,29932.88,30070.42,29924.26,29987.0,1623.28548,54.11999999999898,83.41999999999825,8.62000000000262,morning star
292,1681286400000,29986.99,30050.47,29913.71,29914.97,1468.79021,72.02000000000044,63.47999999999956,1.2600000000020373,bullish doji star
293,1681290000000,29914.97,30007.83,29895.98,30007.68,1502.65731,92.70999999999913,0.1500000000014552,18.9900000000016,shooting star
294,1681293600000,30007.67,30029.37,29978.13,29996.27,1155.85308,11.399999999997817,21.700000000000728,18.139999999999418,falling star
295,1681297200000,29996.28,30019.65,29930.95,30016.3,1457.13626,20.020000000000437,3.350000000002183,65.32999999999811,morning star
296,1681300800000,30016.31,30486.0,29919.0,30157.09,8712.89441,140.77999999999884,328.90999999999985,97.31000000000131,rising sun
297,1681304400000,30157.09,30340.22,29964.0,30053.73,5716.56104,103.36000000000058,183.13000000000102,89.72999999999956,evening star
298,1681308000000,30053.72,30263.4,30016.95,30024.69,4889.98136,29.030000000002474,209.6800000000003,7.739999999997963,bearish doji star
299,1681311600000,30024.69,30066.96,29637.4,29964.02,6989.08971,60.669999999998254,42.27000000000044,326.619999999999,morning star
300,1681315200000,29964.03,30034.99,29915.01,29939.02,1972.26301,25.0099999999984,70.96000000000276,24.010000000002037,falling star
301,1681318800000,29939.02,30091.01,29907.14,30023.92,2066.73716,84.89999999999782,67.09000000000015,31.88000000000102,envolvente alcista
302,1681322400000,30023.93,30057.52,29845.01,29917.26,2390.44208,106.67000000000189,33.590000000000146,72.25,rising sun
303,1681326000000,29917.27,29949.76,29760.13,29798.59,2099.05832,118.68000000000029,32.48999999999796,38.45999999999913,shooting star
304,1681329600000,29798.59,29955.0,29775.68,29947.47,1063.07245,148.88000000000102,7.529999999998836,22.909999999999854,shooting star
305,1681333200000,29947.48,29979.74,29900.77,29944.12,759.66879,3.360000000000582,32.26000000000204,43.349999999998545,falling star
306,1681336800000,29944.12,29975.41,29796.21,29841.35,1285.14991,102.77000000000044,31.290000000000873,45.13999999999942,morning star
307,1681340400000,29841.35,29939.61,29823.45,29888.07,1055.67341,46.720000000001164,51.54000000000087,17.899999999997817,evening star
308,1681344000000,29888.07,30035.28,29854.59,29984.69,1441.58145,96.61999999999898,50.590000000000146,33.47999999999956,morning star
309,1681347600000,29984.7,30077.49,29945.64,30065.13,1264.68096,80.43000000000029,12.360000000000582,39.06000000000131,evening star
310,1681351200000,30065.13,30200.0,29997.51,30116.51,1754.75029,51.37999999999738,83.4900000000016,67.62000000000262,martillo invertido
311,1681354800000,30116.51,30121.7,30040.0,30072.17,1024.40584,44.340000000000146,5.190000000002328,32.169999999998254,doji gravestone
312,1681358400000,30072.17,30106.16,30041.22,30053.65,795.61445,18.5199999999968,33.9900000000016,12.430000000000291,falling star
313,1681362000000,30053.65,30128.59,30041.48,30105.08,733.63445,51.43000000000029,23.5099999999984,12.170000000001892,bullish doji star
314,1681365600000,30105.08,30116.87,29986.64,30016.54,1944.53521,88.54000000000087,11.789999999997235,29.900000000001455,shooting star
315,1681369200000,30016.53,30107.1,29982.93,30068.6,1613.8598,52.06999999999971,38.5,33.599999999998545,evening star
316,1681372800000,30068.6,30269.0,30039.0,30188.14,3438.06571,119.54000000000087,80.86000000000058,29.599999999998545,bullish doji star
317,1681376400000,30188.15,30374.87,30150.5,30204.85,4030.14331,16.69999999999709,170.02000000000044,37.650000000001455,falling star
318,1681380000000,30204.85,30244.09,30152.0,30203.14,1599.09125,1.7099999999991269,39.2400000000016,51.13999999999942,falling star
319,1681383600000,30203.13,30235.0,30151.0,30159.82,1682.19602,43.31000000000131,31.86999999999898,8.819999999999709,bullish doji star
320,1681387200000,30159.81,30303.64,30134.16,30272.14,3033.01027,112.32999999999811,31.5,25.650000000001455,shooting star
321,1681390800000,30272.13,30328.91,30165.01,30175.75,2455.37582,96.38000000000102,56.779999999998836,10.7400000000016,evening star
322,1681394400000,30175.75,30530.0,30173.94,30435.34,4882.66693,259.59000000000015,94.65999999999985,1.8100000000013097,bullish doji star
323,1681398000000,30435.33,30595.0,30300.0,30441.43,4400.53673,6.099999999998545,153.5699999999997,135.33000000000175,falling star
324,1681401600000,30441.43,30476.42,30262.4,30322.37,2727.282,119.06000000000131,34.98999999999796,59.969999999997526,morning star
325,1681405200000,30322.38,30435.48,30283.72,30425.85,2355.74887,103.46999999999753,9.630000000001019,38.659999999999854,evening star
326,1681408800000,30425.85,30535.76,30409.78,30440.78,2137.20153,14.930000000000291,94.97999999999956,16.06999999999971,martillo invertido
327,1681412400000,30440.79,30440.79,30307.09,30335.13,2237.80037,105.65999999999985,0.0,28.040000000000873,shooting star
328,1681416000000,30335.13,30335.14,30205.0,30251.97,2599.77022,83.15999999999985,0.00999999999839929,46.970000000001164,evening star
329,1681419600000,30251.96,30328.42,30245.01,30283.7,1226.19143,31.7400000000016,44.719999999997526,6.950000000000728,bearish doji star
330,1681423200000,30283.7,30394.7,30283.69,30296.09,1453.81237,12.389999999999418,98.61000000000058,0.010000000002037268,falling star
331,1681426800000,30296.09,30388.71,30280.11,30373.84,1102.16203,77.75,14.869999999998981,15.979999999999563,shooting star
332,1681430400000,30373.84,30799.61,30310.03,30745.73,6387.55449,371.8899999999994,53.88000000000102,63.81000000000131,shooting star
333,1681434000000,30745.72,30893.79,30682.09,30775.34,6005.99956,29.61999999999898,118.45000000000073,63.63000000000102,envolvente bajista
334,1681437600000,30775.34,30808.78,30520.0,30595.8,3493.63348,179.54000000000087,33.43999999999869,75.79999999999927,morning star
335,1681441200000,30595.8,30738.64,30549.33,30690.88,2636.10187,95.08000000000175,47.7599999999984,46.469999999997526,evening star
336,1681444800000,30690.89,30754.05,30674.53,30708.82,1999.62142,17.93000000000029,45.22999999999956,16.360000000000582,falling star
337,1681448400000,30708.82,30836.54,30698.25,30796.28,2299.64863,87.45999999999913,40.26000000000204,10.569999999999709,morning star
339,1681455600000,30942.86,30963.69,30725.01,30733.72,3490.1231,209.13999999999942,20.82999999999811,8.710000000002765,shooting star
340,1681459200000,30733.73,30788.47,30657.14,30730.22,2525.37705,3.5099999999983993,54.7400000000016,73.08000000000175,falling star
341,1681462800000,30730.22,30798.29,30700.0,30794.16,1798.17559,63.93999999999869,4.130000000001019,30.220000000001164,morning star
342,1681466400000,30794.16,30827.27,30758.89,30766.01,1912.7192,28.150000000001455,33.11000000000058,7.119999999998981,evening star
343,1681470000000,30766.01,30806.7,30727.63,30801.89,1391.49261,35.88000000000102,4.81000000000131,38.37999999999738,morning star
344,1681473600000,30801.89,30850.0,30575.0,30616.98,3976.8216,184.90999999999985,48.11000000000058,41.97999999999956,shooting star
345,1681477200000,30616.98,30749.58,30610.03,30721.54,3317.94871,104.56000000000131,28.040000000000873,6.950000000000728,evening star
346,1681480800000,30721.54,30757.6,30483.21,30599.89,4968.13489,121.65000000000146,36.05999999999767,116.68000000000029,morning star
347,1681484400000,30599.89,30629.0,30101.0,30237.89,7370.81084,362.0,29.110000000000582,136.88999999999942,shooting star
348,1681488000000,30237.88,30269.41,29966.0,30147.49,5062.47285,90.38999999999942,31.529999999998836,181.4900000000016,dark cloud cover
349,1681491600000,30147.49,30282.08,30131.0,30276.62,3337.41802,129.12999999999738,5.460000000002765,16.4900000000016,morning star
350,1681495200000,30276.62,30357.8,30243.22,30277.1,2240.74996,0.47999999999956344,80.70000000000073,33.39999999999782,falling star
351,1681498800000,30277.11,30346.99,30200.76,30324.09,1589.86235,46.97999999999956,22.900000000001455,76.35000000000218,morning star
352,1681502400000,30324.09,30522.07,30272.25,30448.82,2857.89041,124.72999999999956,73.25,51.840000000000146,envolvente alcista
353,1681506000000,30448.82,30510.15,30393.26,30454.09,1259.30044,5.270000000000437,56.06000000000131,55.56000000000131,envolvente bajista
354,1681509600000,30454.09,30454.09,30410.96,30435.34,940.86198,18.75,0.0,24.38000000000102,morning star
355,1681513200000,30435.33,30481.87,30370.52,30466.93,1000.01135,31.599999999998545,14.93999999999869,64.81000000000131,palo colgado
356,1681516800000,30466.93,30595.6,30372.48,30372.48,2000.69786,94.45000000000073,128.66999999999825,0.0,bullish doji star
357,1681520400000,30372.48,30399.0,30278.08,30370.01,1734.50215,2.470000000001164,26.520000000000437,91.92999999999665,falling star
358,1681524000000,30370.01,30441.17,30346.4,30380.0,1061.35596,9.9900000000016,61.169999999998254,23.609999999996944,morning star
359,1681527600000,30380.0,30421.94,30362.62,30376.14,950.38783,3.860000000000582,41.93999999999869,13.520000000000437,evening star
360,1681531200000,30376.13,30394.5,30337.97,30356.11,1130.26962,20.020000000000437,18.36999999999898,18.139999999999418,envolvente alcista
361,1681534800000,30356.1,30434.83,30352.52,30427.05,1221.79719,70.95000000000073,7.780000000002474,3.5799999999981083,shooting star
362,1681538400000,30427.05,30436.46,30363.23,30390.99,884.87137,36.05999999999767,9.409999999999854,27.760000000002037,evening star
363,1681542000000,30390.99,30467.92,30389.35,30433.3,917.46158,42.30999999999767,34.61999999999898,1.640000000003056,morning star
364,1681545600000,30433.29,30456.73,30364.7,30385.12,910.28118,48.17000000000189,23.43999999999869,20.419999999998254,shooting star
365,1681549200000,30385.13,30464.9,30385.12,30459.94,940.59141,74.80999999999767,4.960000000002765,0.010000000002037268,shooting star
366,1681552800000,30459.94,30470.0,30373.41,30417.07,880.4227,42.86999999999898,10.06000000000131,43.659999999999854,doji gravestone
367,1681556400000,30417.06,30439.7,30365.56,30385.3,936.52967,31.760000000002037,22.639999999999418,19.739999999997963,falling star
368,1681560000000,30385.31,30444.0,30377.38,30423.28,726.92448,37.969999999997526,20.720000000001164,7.930000000000291,morning star
369,1681563600000,30423.29,30442.66,30285.0,30335.19,1432.79203,88.10000000000218,19.36999999999898,50.18999999999869,rising sun
370,1681567200000,30335.19,30376.95,30302.24,30359.39,921.18977,24.200000000000728,17.56000000000131,32.94999999999709,falling star
371,1681570800000,30359.38,30420.0,30323.41,30325.27,1191.56408,34.11000000000058,60.61999999999898,1.860000000000582,morning star
372,1681574400000,30325.27,30339.35,30261.95,30319.98,1926.1069,5.290000000000873,14.079999999998108,58.029999999998836,falling star
373,1681578000000,30319.98,30319.99,30202.0,30246.21,1110.86328,73.77000000000044,0.010000000002037268,44.20999999999913,envolvente alcista
374,1681581600000,30246.22,30301.72,30244.75,30300.77,620.03197,54.54999999999927,0.9500000000007276,1.4700000000011642,evening star
375,1681585200000,30300.76,30331.75,30226.72,30331.74,1069.84607,30.9800000000032,0.00999999999839929,74.03999999999724,bearish harami cross
376,1681588800000,30331.74,30344.84,30261.33,30280.65,904.81804,51.090000000000146,13.099999999998545,19.31999999999971,morning star
377,1681592400000,30280.65,30308.76,30239.86,30263.77,640.54328,16.88000000000102,28.109999999996944,23.909999999999854,falling star
378,1681596000000,30263.77,30360.19,30236.39,30350.98,791.69584,87.20999999999913,9.209999999999127,27.38000000000102,shooting star
379,1681599600000,30350.99,30359.92,30282.35,30295.09,524.26821,55.900000000001455,8.929999999996653,12.7400000000016,evening star
380,1681603200000,30295.1,30319.04,30270.11,30277.54,603.52064,17.55999999999767,23.94000000000233,7.430000000000291,martillo invertido
381,1681606800000,30277.53,30277.54,30120.0,30236.95,1595.55527,40.57999999999811,0.010000000002037268,116.95000000000073,morning star
382,1681610400000,30236.96,30284.78,30224.43,30264.2,638.70251,27.2400000000016,20.57999999999811,12.529999999998836,evening star
383,1681614000000,30264.2,30269.33,30229.34,30249.37,546.48173,14.830000000001746,5.130000000001019,20.029999999998836,inverted hammer
384,1681617600000,30249.36,30316.0,30245.82,30298.52,692.66401,49.159999999999854,17.479999999999563,3.540000000000873,bullish doji star
385,1681621200000,30298.53,30340.06,30295.97,30306.32,894.77371,7.790000000000873,33.7400000000016,2.5599999999976717,falling star
386,1681624800000,30306.32,30347.38,30302.68,30306.07,567.70244,0.25,41.06000000000131,3.389999999999418,falling star
387,1681628400000,30306.06,30399.4,30300.0,30344.97,766.15445,38.909999999999854,54.43000000000029,6.06000000000131,bullish doji star
388,1681632000000,30344.97,30353.96,30328.01,30337.4,565.77648,7.569999999999709,8.989999999997963,9.390000000003056,evening star
389,1681635600000,30337.4,30337.41,30254.99,30279.34,1316.58369,58.06000000000131,0.00999999999839929,24.349999999998545,shooting star
390,1681639200000,30279.34,30290.16,30257.21,30290.15,951.24663,10.81000000000131,0.00999999999839929,22.13000000000102,dark cloud cover
391,1681642800000,30290.15,30321.6,30220.4,30226.45,811.54029,63.70000000000073,31.44999999999709,6.049999999999272,bullish doji star
392,1681646400000,30226.46,30277.38,30219.71,30260.0,1275.93186,33.54000000000087,17.38000000000102,6.75,evening star
393,1681650000000,30260.01,30260.01,30160.4,30249.99,1329.34331,10.019999999996799,0.0,89.59000000000015,bearish harami cross
394,1681653600000,30249.99,30320.0,30245.01,30311.83,1142.12351,61.840000000000146,8.169999999998254,4.980000000003201,shooting star
395,1681657200000,30311.83,30362.0,30300.0,30332.98,926.17659,21.149999999997817,29.020000000000437,11.830000000001746,evening star
396,1681660800000,30332.98,30335.0,30259.69,30335.0,1148.83322,2.0200000000004366,0.0,73.29000000000087,bearish harami cross
397,1681664400000,30335.0,30379.62,30300.0,30300.0,1103.25031,35.0,44.61999999999898,0.0,bullish doji star
398,1681668000000,30300.0,30480.0,30298.87,30478.43,1285.55073,178.4300000000003,1.569999999999709,1.1300000000010186,shooting star
399,1681671600000,30478.43,30549.99,30281.69,30309.06,3341.81382,169.36999999999898,71.56000000000131,27.37000000000262,evening star
400,1681675200000,30309.05,30407.98,30192.0,30343.04,2019.66236,33.9900000000016,64.93999999999869,117.04999999999927,martillo invertido
401,1681678800000,30343.04,30390.0,30267.31,30385.62,1088.79818,42.57999999999811,4.380000000001019,75.72999999999956,morning star
403,1681686000000,30331.03,30349.65,30245.0,30304.65,887.19999,26.37999999999738,18.62000000000262,59.650000000001455,falling star
404,1681689600000,30304.66,30316.06,29790.01,29842.86,6333.0212,461.7999999999993,11.400000000001455,52.85000000000218,shooting star
405,1681693200000,29842.86,29993.89,29740.64,29946.22,3446.41352,103.36000000000058,47.669999999998254,102.22000000000116,evening star
406,1681696800000,29946.22,30101.31,29890.57,30020.0,2031.32353,73.77999999999884,81.31000000000131,55.650000000001455,martillo invertido
407,1681700400000,30020.0,30040.64,29950.0,29982.8,1294.27878,37.20000000000073,20.639999999999418,32.79999999999927,martillo invertido
408,1681704000000,29982.8,29985.27,29909.17,29981.18,1376.0461,1.6199999999989814,2.470000000001164,72.01000000000204,falling star
409,1681707600000,29981.18,30007.56,29930.99,29997.89,1116.48376,16.709999999999127,9.670000000001892,50.18999999999869,morning star
410,1681711200000,29997.9,30004.33,29888.0,29901.28,1274.17615,96.62000000000262,6.430000000000291,13.279999999998836,shooting star
411,1681714800000,29901.27,29940.0,29832.0,29838.3,1806.36891,62.970000000001164,38.72999999999956,6.299999999999272,evening star
412,1681718400000,29838.3,29919.15,29801.0,29918.1,2260.63657,79.79999999999927,1.0500000000029104,37.29999999999927,morning star
413,1681722000000,29918.1,29922.5,29845.95,29876.97,1158.48993,41.12999999999738,4.400000000001455,31.020000000000437,doji gravestone
414,1681725600000,29876.96,29888.88,29764.28,29884.66,3250.22082,7.700000000000728,4.220000000001164,112.68000000000029,falling star
415,1681729200000,29884.67,29889.16,29366.0,29570.81,5288.59201,313.85999999999694,4.490000000001601,204.8100000000013,rising sun
416,1681732800000,29570.8,29593.14,29442.91,29529.85,4140.821,40.95000000000073,22.340000000000146,86.93999999999869,evening star
417,1681736400000,29529.86,29536.51,29250.0,29402.2,4553.82473,127.65999999999985,6.649999999997817,152.20000000000073,morning star
418,1681740000000,29402.2,29481.96,29356.75,29440.42,2451.69041,38.219999999997526,41.54000000000087,45.45000000000073,envolvente bajista
419,1681743600000,29440.41,29464.06,29240.65,29358.31,2604.126,82.09999999999854,23.650000000001455,117.65999999999985,morning star
420,1681747200000,29358.3,29480.0,29330.85,29464.43,2816.77871,106.13000000000102,15.569999999999709,27.450000000000728,shooting star
421,1681750800000,29464.42,29527.26,29447.63,29462.67,1471.3224,1.75,62.840000000000146,15.039999999997235,falling star
422,1681754400000,29462.67,29572.0,29458.09,29524.97,1269.23421,62.30000000000291,47.029999999998836,4.579999999998108,morning star
423,1681758000000,29524.96,29580.17,29458.0,29467.24,1755.32231,57.719999999997526,55.20999999999913,9.2400000000016,evening star
424,1681761600000,29467.25,29492.8,29421.11,29443.75,1261.16452,23.5,25.549999999999272,22.639999999999418,martillo invertido
425,1681765200000,29443.75,29471.97,29391.92,29452.22,1280.13898,8.470000000001164,19.75,51.830000000001746,martillo invertido
426,1681768800000,29452.22,29536.93,29452.21,29502.28,1235.66661,50.05999999999767,34.650000000001455,0.010000000002037268,bullish doji star
427,1681772400000,29502.28,29510.6,29396.88,29430.27,965.67011,72.0099999999984,8.319999999999709,33.38999999999942,shooting star
428,1681776000000,29430.27,29450.29,29280.01,29364.16,1357.21158,66.11000000000058,20.020000000000437,84.15000000000146,evening star
429,1681779600000,29364.16,29414.28,29096.78,29373.53,3579.77139,9.369999999998981,40.75,267.380000000001,martillo invertido
430,1681783200000,29373.53,29489.47,29373.52,29465.84,1471.03294,92.31000000000131,23.63000000000102,0.00999999999839929,shooting star
431,1681786800000,29465.83,29500.0,29442.54,29446.99,932.02903,18.840000000000146,34.169999999998254,4.450000000000728,evening star
432,1681790400000,29447.0,29506.76,29442.56,29494.69,881.6166,47.68999999999869,12.069999999999709,4.43999999999869,morning star
433,1681794000000,29494.7,29593.39,29494.69,29542.14,2113.51105,47.43999999999869,51.25,0.010000000002037268,evening star
434,1681797600000,29542.15,29740.0,29542.14,29720.98,2778.52413,178.8299999999981,19.020000000000437,0.010000000002037268,shooting star
435,1681801200000,29720.98,29803.0,29672.87,29775.62,2229.71009,54.63999999999942,27.38000000000102,48.11000000000058,evening star
436,1681804800000,29775.61,29831.0,29693.1,29703.89,1858.73511,71.72000000000116,55.38999999999942,10.790000000000873,morning star
437,1681808400000,29703.89,29939.99,29700.0,29897.68,2742.65157,193.79000000000087,42.31000000000131,3.889999999999418,shooting star
438,1681812000000,29897.69,29971.71,29868.03,29899.26,2365.16801,1.569999999999709,72.45000000000073,29.659999999999854,falling star
439,1681815600000,29899.26,30381.68,29888.9,30380.59,6974.54325,481.33000000000175,1.0900000000001455,10.359999999996944,shooting star
440,1681819200000,30380.59,30485.0,30279.8,30303.14,6137.65968,77.45000000000073,104.40999999999985,23.340000000000146,evening star
441,1681822800000,30303.14,30433.18,30282.63,30381.31,3427.7542,78.17000000000189,51.86999999999898,20.5099999999984,morning star
443,1681830000000,30247.81,30284.78,30099.37,30184.86,3044.05642,62.95000000000073,36.969999999997526,85.4900000000016,falling star
444,1681833600000,30184.85,30262.3,30158.33,30220.85,2014.91543,36.0,41.45000000000073,26.5199999999968,falling star
445,1681837200000,30220.85,30262.86,30014.14,30025.51,2404.49389,195.34000000000015,42.01000000000204,11.369999999998981,shooting star
446,1681840800000,30025.51,30274.21,29945.58,30144.5,3991.73137,118.9900000000016,129.70999999999913,79.92999999999665,evening star
447,1681844400000,30144.5,30236.9,30100.0,30221.52,1565.78657,77.02000000000044,15.380000000001019,44.5,doji gravestone
448,1681848000000,30221.53,30450.0,30150.0,30419.12,2205.65017,197.59000000000015,30.88000000000102,71.52999999999884,shooting star
449,1681851600000,30419.12,30442.73,30278.79,30371.69,1582.56753,47.43000000000029,23.610000000000582,92.89999999999782,inverted hammer
450,1681855200000,30371.68,30404.19,30295.23,30370.86,1240.30208,0.819999999999709,32.5099999999984,75.63000000000102,falling star
451,1681858800000,30370.85,30408.44,30305.66,30380.01,1446.49074,9.159999999999854,28.43000000000029,65.18999999999869,morning star
452,1681862400000,30380.01,30413.53,30282.95,30319.25,1436.64071,60.7599999999984,33.52000000000044,36.29999999999927,envolvente alcista
453,1681866000000,30319.25,30348.28,30223.12,30233.42,1379.54743,85.83000000000175,29.029999999998836,10.299999999999272,bullish doji star
454,1681869600000,30233.42,30259.4,30126.0,30200.63,1707.51968,32.789999999997235,25.9800000000032,74.63000000000102,envolvente bajista
455,1681873200000,30200.63,30277.32,30172.59,30211.23,806.07798,10.599999999998545,66.09000000000015,28.040000000000873,martillo invertido
456,1681876800000,30211.23,30237.69,30148.0,30202.57,1200.22448,8.659999999999854,26.459999999999127,54.56999999999971,falling star
457,1681880400000,30202.57,30325.51,30177.66,30268.27,1324.05811,65.70000000000073,57.23999999999796,24.909999999999854,envolvente alcista
458,1681884000000,30268.28,30272.77,30006.0,30008.13,2762.21584,260.1499999999978,4.490000000001601,2.1300000000010186,shooting star
459,1681887600000,30008.13,30124.21,29980.0,30077.76,2185.97001,69.62999999999738,46.45000000000073,28.13000000000102,evening star
460,1681891200000,30077.76,30077.76,29000.0,29168.47,19990.47095,909.2899999999972,0.0,168.47000000000116,shooting star
461,1681894800000,29168.47,29327.21,29040.0,29200.57,5604.55168,32.099999999998545,126.63999999999942,128.47000000000116,falling star
462,1681898400000,29200.58,29286.64,29100.0,29257.26,3784.17349,56.67999999999665,29.38000000000102,100.58000000000175,morning star
463,1681902000000,29257.26,29333.0,29235.53,29310.65,3237.826,53.390000000003056,22.349999999998545,21.729999999999563,evening star
464,1681905600000,29310.64,29310.65,29185.0,29218.66,2601.083,91.97999999999956,0.010000000002037268,33.659999999999854,shooting star
465,1681909200000,29218.66,29333.0,29181.65,29333.0,2838.167,114.34000000000015,0.0,37.0099999999984,shooting star
466,1681912800000,29333.0,29500.0,29330.66,29393.46,3885.91413,60.45999999999913,106.54000000000087,2.3400000000001455,bearish doji star
467,1681916400000,29393.46,29428.9,29100.0,29260.44,3660.78588,133.02000000000044,35.44000000000233,160.4399999999987,rising sun
468,1681920000000,29260.43,29370.0,29240.01,29315.24,1921.49063,54.81000000000131,54.7599999999984,20.42000000000189,falling star
469,1681923600000,29315.24,29325.73,29080.0,29318.14,2569.77171,2.899999999997817,7.5900000000001455,235.2400000000016,falling star
470,1681927200000,29318.14,29354.3,29220.01,29277.45,2641.42752,40.68999999999869,36.159999999999854,57.44000000000233,morning star
472,1681934400000,29227.06,29315.61,29147.27,29237.71,2565.25344,10.649999999997817,77.90000000000146,79.79000000000087,envolvente bajista
473,1681938000000,29237.71,29240.15,28813.88,29170.0,5027.35416,67.70999999999913,2.4400000000023283,356.119999999999,rising sun
475,1681945200000,29076.2,29088.18,28520.0,28797.1,9618.85773,279.1000000000022,11.979999999999563,277.09999999999854,rising sun
476,1681948800000,28797.1,28965.99,28650.58,28920.01,3614.1302,122.90999999999985,45.9800000000032,146.5199999999968,evening star
477,1681952400000,28920.01,29000.0,28838.47,28934.07,2361.7833,14.06000000000131,65.93000000000029,81.53999999999724,falling star
478,1681956000000,28934.07,28958.06,28716.08,28742.57,2107.11863,191.5,23.9900000000016,26.489999999997963,shooting star
479,1681959600000,28742.58,28883.3,28549.0,28862.52,3246.80956,119.93999999999869,20.779999999998836,193.58000000000175,evening star
480,1681963200000,28862.51,28956.19,28845.71,28867.52,1912.27378,5.010000000002037,88.66999999999825,16.799999999999272,falling star
481,1681966800000,28867.52,28945.0,28818.8,28893.52,1414.49588,26.0,51.47999999999956,48.720000000001164,morning star
482,1681970400000,28893.53,29088.3,28893.52,28925.58,2449.48281,32.05000000000291,162.71999999999753,0.00999999999839929,bullish harami cross
483,1681974000000,28925.58,28947.16,28852.17,28869.66,1893.31144,55.92000000000189,21.57999999999811,17.4900000000016,bullish doji star
484,1681977600000,28869.66,28951.0,28729.0,28826.6,2350.40289,43.06000000000131,81.34000000000015,97.59999999999854,evening star
485,1681981200000,28826.61,28909.86,28822.13,28866.0,1363.64624,39.38999999999942,43.86000000000058,4.479999999999563,bearish doji star
486,1681984800000,28866.0,28906.5,28778.57,28855.22,1473.59453,10.779999999998836,40.5,76.65000000000146,falling star
487,1681988400000,28855.23,28860.23,28590.0,28607.13,3549.75685,248.09999999999854,5.0,17.13000000000102,shooting star
488,1681992000000,28607.12,28978.69,28334.0,28893.0,7438.34226,285.880000000001,85.68999999999869,273.119999999999,rising sun
489,1681995600000,28892.99,28898.57,28715.92,28820.08,3350.80634,72.90999999999985,5.579999999998108,104.16000000000349,doji gravestone
490,1681999200000,28820.07,28875.47,28676.0,28719.71,2495.42561,100.36000000000058,55.400000000001455,43.70999999999913,morning star
491,1682002800000,28719.72,28734.93,28440.66,28506.69,5174.16292,213.03000000000247,15.209999999999127,66.02999999999884,shooting star
492,1682006400000,28506.7,28658.81,28260.0,28442.56,6633.85941,64.13999999999942,152.11000000000058,182.5600000000013,falling star
493,1682010000000,28442.56,28607.54,28351.86,28452.2,3438.6153,9.639999999999418,155.34000000000015,90.70000000000073,falling star
494,1682013600000,28452.21,28526.93,28280.96,28360.49,4310.02689,91.71999999999753,74.72000000000116,79.53000000000247,envolvente alcista
495,1682017200000,28360.48,28361.83,28010.0,28104.38,7082.27731,256.09999999999854,1.3500000000021828,94.38000000000102,shooting star
496,1682020800000,28104.38,28321.69,28012.0,28204.56,3169.97933,100.18000000000029,117.12999999999738,92.38000000000102,evening star
497,1682024400000,28204.57,28286.4,28160.0,28230.4,1941.54866,25.830000000001746,56.0,44.56999999999971,martillo invertido
498,1682028000000,28230.41,28365.5,28177.42,28249.1,2370.0345,18.68999999999869,116.40000000000146,52.9900000000016,falling star
499,1682031600000,28249.1,28318.65,28249.1,28300.69,328.82342,51.590000000000146,17.960000000002765,0.0,bullish doji star
